4f93ef12-9f82-4fd1-991c-90bdff82035e,2020. 03. 17. 21:44:28,0,4f93ef12-9f82-4fd1-991c-90bdff82035e,"utolso",
4f93ef12-9f82-4fd1-991c-90bdff82035e,2020. 03. 17. 21:46:00,0,4f93ef12-9f82-4fd1-991c-90bdff82035e,"utolso2",
4f93ef12-9f82-4fd1-991c-90bdff82035e,2020. 03. 17. 21:47:01,0,4f93ef12-9f82-4fd1-991c-90bdff82035e,"a",
4f93ef12-9f82-4fd1-991c-90bdff82035e,2020. 03. 17. 21:47:42,0,4f93ef12-9f82-4fd1-991c-90bdff82035e,"tenyleg ucso",
4f93ef12-9f82-4fd1-991c-90bdff82035e,2020. 03. 18. 8:51:45,0,4f93ef12-9f82-4fd1-991c-90bdff82035e,"awtwtt",
daed9eda-00c1-4b2b-82ce-0aff5fc51f22,2020. 03. 18. 9:42:00,0,4f93ef12-9f82-4fd1-991c-90bdff82035e,"awttw",
15f29223-1e7b-4a3c-9311-6efdc8d71f73,2020. 03. 18. 9:44:34,0,4f93ef12-9f82-4fd1-991c-90bdff82035e,"sehezs",
5ee902f7-2182-4244-9e00-f8b5a0ab5ac0,2020. 03. 18. 9:48:36,0,4f93ef12-9f82-4fd1-991c-90bdff82035e,"awttw",
814dd7bd-bae5-4f94-ace8-ac97189fd729,2020. 03. 18. 9:50:34,0,4f93ef12-9f82-4fd1-991c-90bdff82035e,"awtt",
0f878f51-caad-488a-9980-6f5a0a34e595,2020. 03. 18. 9:52:42,0,4f93ef12-9f82-4fd1-991c-90bdff82035e,"a",
c7b5946c-49d6-40b2-8b4e-5f1e6e36c200,2020. 03. 18. 9:54:38,0,4f93ef12-9f82-4fd1-991c-90bdff82035e,"atw",
ea2166e5-6639-46a3-8adc-b193ad5c776e,2020. 03. 18. 9:59:51,0,4f93ef12-9f82-4fd1-991c-90bdff82035e,"lhawowthptwajtawpawtjp",
408dd721-da39-41a1-b156-7886f9cc2c29,2020. 03. 18. 10:02:34,0,4f93ef12-9f82-4fd1-991c-90bdff82035e,"",
49182f05-99b4-42b4-91f2-99eb4e4809d8,2020. 03. 18. 10:09:59,0,4f93ef12-9f82-4fd1-991c-90bdff82035e,"atww",
b59644c3-55d7-4600-9a41-4e96036c6ef3,2020. 03. 18. 10:15:59,0,4f93ef12-9f82-4fd1-991c-90bdff82035e,"WRw",
daa1e767-b1ad-420c-be80-c1da83c16d3f,2020. 03. 18. 10:19:15,0,4f93ef12-9f82-4fd1-991c-90bdff82035e,"arw",
f810dc27-0958-4040-9829-a7b0bc9f4861,2020. 03. 18. 10:21:23,0,4f93ef12-9f82-4fd1-991c-90bdff82035e,"UTOLSO",
5bdcf3ef-a7e7-43ac-98fa-13711e2fd4d1,2020. 03. 18. 10:23:11,0,4f93ef12-9f82-4fd1-991c-90bdff82035e,"afstawt",
6cbcd919-58b6-4622-94d2-0e6134c43ecd,2020. 03. 18. 10:24:22,0,4f93ef12-9f82-4fd1-991c-90bdff82035e,"tqaww",
