e1bd8299-0d03-465b-9f98-67933fc1eaa0,3/17/2020 10:39:30 AM,0,0,"ert","t4t",
0af19f0b-5cec-4e7f-9fd9-10b8684fa17e,3/17/2020 10:40:00 AM,0,0,"ew","wewewewew",
c59b8ea5-f0f2-4fe9-8366-1516d350e990,3/17/2020 10:54:24 AM,0,0,"elso","",
62c6f237-7033-43d8-b074-cf973c47dfeb,3/17/2020 10:54:24 AM,0,0,"masodik","",
98872793-8562-4568-b7ad-4ad498b5badd,3/17/2020 10:54:35 AM,0,0,"efr3re","rrr4t45tref",
5cf599cd-57ef-453d-a056-f786a8205399,3/17/2020 11:25:27 AM,0,0,"elso","",
4fdb3974-5ad7-4bfd-be02-16ac2a7f5b98,3/17/2020 11:25:27 AM,0,0,"masodik","",
321021dc-cf68-46b6-9808-bbd496474ef3,3/17/2020 11:25:35 AM,0,0,"d","d",
e50e1548-3873-4be4-be47-018c0e11f0b6,3/17/2020 11:25:45 AM,0,0,"elso","",
316e30e6-2622-4aa2-a8b0-aff81e789020,3/17/2020 11:25:45 AM,0,0,"masodik","",
102202f0-d75f-47f7-9849-08a1f12f79ba,3/17/2020 11:25:46 AM,0,0,"elso","",
ecf9b677-c1bd-4573-9cfa-7c4d3287af42,3/17/2020 11:25:46 AM,0,0,"masodik","",
46717c0f-dd9f-4cac-8587-7df8aa379c8a,3/17/2020 11:25:47 AM,0,0,"elso","",
cac4a0fd-7288-409e-9eaa-3bb9015061b8,3/17/2020 11:25:47 AM,0,0,"masodik","",
ec463d05-b0b4-41b8-b8d2-e2e60e7a90d4,3/17/2020 11:26:00 AM,0,0,"q","q",
c60876f5-17e7-4cee-bad1-bf0152525883,3/17/2020 11:26:25 AM,0,0,"elso","",
e72926f1-fdc2-49da-96cc-f6c8b033dc0d,3/17/2020 11:26:25 AM,0,0,"masodik","",
9e388cbb-7bfc-49af-b859-0e16e5ad74e3,3/17/2020 11:26:37 AM,0,0,"w","w",
875dbb42-3753-457d-a393-3d2afe53d0b7,3/17/2020 11:32:03 AM,0,0,"elso","",
c0b7b8d9-6977-4977-b81c-b83586ba31f2,3/17/2020 11:32:03 AM,0,0,"masodik","",
df444f78-7b9c-4716-8805-5fd7400f73fd,3/17/2020 11:32:13 AM,0,0,"e","e",
c4aa7229-9211-4fe2-8888-52a55f860e8a,3/17/2020 12:18:44 PM,0,0,"s","s",
